{"train/loss_cls": 1.123828284740448, "train/loss_bbox": 0.4333851104974747, "train/loss": 1.5572133898735045, "learning_rate": 0.0001, "momentum": 0.9, "_runtime": 1015, "_timestamp": 1627739740, "_step": 1776, "val/bbox_mAP": 0.013, "val/bbox_mAP_50": 0.013, "val/bbox_mAP_75": 0.013, "val/bbox_mAP_s": 1.0, "val/bbox_mAP_m": 0.731, "val/bbox_mAP_l": 0.013}